<?xml version="1.0" encoding="UTF-8"?>

<!--
  ~ Copyright (c) 2020 pig4cloud Authors. All Rights Reserved.
  ~
  ~ Licensed under the Apache License, Version 2.0 (the "License");
  ~ you may not use this file except in compliance with the License.
  ~ You may obtain a copy of the License at
  ~
  ~     http://www.apache.org/licenses/LICENSE-2.0
  ~
  ~ Unless required by applicable law or agreed to in writing, software
  ~ distributed under the License is distributed on an "AS IS" BASIS,
  ~ WITHOUT WARRANTIES OR CONDITIONS OF ANY KIND, either express or implied.
  ~ See the License for the specific language governing permissions and
  ~ limitations under the License.
  -->

<!DOCTYPE mapper PUBLIC "-//mybatis.org//DTD Mapper 3.0//EN" "http://mybatis.org/dtd/mybatis-3-mapper.dtd">

<mapper namespace="com.pig4cloud.pig.codegen.mapper.GenFormConfMapper">

	<resultMap id="genRecordMap" type="com.pig4cloud.pig.codegen.entity.GenFormConf">
		<id property="id" column="id"/>
		<result property="tableName" column="table_name"/>
		<result property="formInfo" column="form_info"/>
		<result property="createTime" column="create_time"/>
		<result property="updateTime" column="update_time"/>
		<result property="delFlag" column="del_flag"/>
	</resultMap>
</mapper>
