<?xml version="1.0" encoding="UTF-8"?>

<!--
  ~ Copyright (c) 2020 pig4cloud Authors. All Rights Reserved.
  ~
  ~ Licensed under the Apache License, Version 2.0 (the "License");
  ~ you may not use this file except in compliance with the License.
  ~ You may obtain a copy of the License at
  ~
  ~     http://www.apache.org/licenses/LICENSE-2.0
  ~
  ~ Unless required by applicable law or agreed to in writing, software
  ~ distributed under the License is distributed on an "AS IS" BASIS,
  ~ WITHOUT WARRANTIES OR CONDITIONS OF ANY KIND, either express or implied.
  ~ See the License for the specific language governing permissions and
  ~ limitations under the License.
  -->

<!DOCTYPE mapper PUBLIC "-//mybatis.org//DTD Mapper 3.0//EN" "http://mybatis.org/dtd/mybatis-3-mapper.dtd">

<mapper namespace="com.pig4cloud.pig.admin.mapper.SysOauthClientDetailsMapper">

	<resultMap id="sysOauthClientDetailsMap" type="com.pig4cloud.pig.admin.api.entity.SysOauthClientDetails">
		<id property="clientId" column="client_id"/>
		<result property="resourceIds" column="resource_ids"/>
		<result property="clientSecret" column="client_secret"/>
		<result property="scope" column="scope"/>
		<result property="authorizedGrantTypes" column="authorized_grant_types"/>
		<result property="webServerRedirectUri" column="web_server_redirect_uri"/>
		<result property="authorities" column="authorities"/>
		<result property="accessTokenValidity" column="access_token_validity"/>
		<result property="refreshTokenValidity" column="refresh_token_validity"/>
		<result property="additionalInformation" column="additional_information"/>
		<result property="autoapprove" column="autoapprove"/>
	</resultMap>
</mapper>
